{
  "clean": 0.9138513513513513,
  "shot_noise": 0.8998648648648648,
  "impulse_noise": 0.5958783783783784,
  "gaussian_blur": 0.8877027027027027,
  "motion_blur": 0.8109459459459459,
  "shear": 0.8617567567567568,
  "scale": 0.667972972972973,
  "rotate": 0.7581081081081081,
  "brightness": 0.8075675675675675,
  "translate": 0.5447972972972973,
  "stripe": 0.2681081081081081,
  "fog": 0.1762837837837838,
  "spatter": 0.9137837837837838,
  "dotted_line": 0.7353378378378378,
  "zigzag": 0.44804054054054054,
  "canny_edges": 0.4541891891891892
}