{
  "clean": 0.9277027027027027,
  "shot_noise": 0.9154054054054054,
  "impulse_noise": 0.5553378378378379,
  "gaussian_blur": 0.7973648648648649,
  "motion_blur": 0.7356756756756757,
  "shear": 0.8946621621621622,
  "scale": 0.7468918918918919,
  "rotate": 0.7922297297297297,
  "brightness": 0.8191216216216216,
  "translate": 0.6363513513513513,
  "stripe": 0.3774324324324324,
  "fog": 0.3563513513513514,
  "spatter": 0.9273648648648649,
  "dotted_line": 0.7447972972972973,
  "zigzag": 0.49972972972972973,
  "canny_edges": 0.4333108108108108
}